{"cameraMode":{"drawMode":0,"name":"Shaded","section":"Shading Mode"},"sceneLighting":false,"audioPlay":false,"sceneViewState":{"m_AlwaysRefresh":false,"showFog":true,"showSkybox":false,"showFlares":true,"showImageEffects":true,"showParticleSystems":true,"showVisualEffectGraphs":true,"m_FxEnabled":true},"in2DMode":false,"pivot":{"x":0.8630170822143555,"y":-1.2454192638397217,"z":-1.091326355934143},"rotation":{"x":0.07302434742450714,"y":0.8128679990768433,"z":0.10444801300764084,"w":-0.5683708190917969},"size":1.3961584568023682,"orthographic":false}