{"cameraMode":{"drawMode":0,"name":"Shaded","section":"Shading Mode"},"sceneLighting":false,"audioPlay":false,"sceneViewState":{"m_AlwaysRefresh":false,"showFog":true,"showSkybox":false,"showFlares":true,"showImageEffects":true,"showParticleSystems":true,"showVisualEffectGraphs":true,"m_FxEnabled":true},"in2DMode":false,"pivot":{"x":-0.5493829846382141,"y":0.7874804139137268,"z":1.3885554075241089},"rotation":{"x":0.07253924757242203,"y":0.9267264604568481,"z":-0.2799914479255676,"w":0.24007369577884675},"size":0.6123724579811096,"orthographic":false}