{"cameraMode":{"drawMode":0,"name":"Shaded","section":"Shading Mode"},"sceneLighting":true,"audioPlay":false,"sceneViewState":{"m_AlwaysRefresh":false,"showFog":true,"showSkybox":true,"showFlares":true,"showImageEffects":true,"showParticleSystems":true,"showVisualEffectGraphs":true,"m_FxEnabled":true},"in2DMode":false,"pivot":{"x":-2.4803361892700197,"y":0.703715443611145,"z":3.4877676963806154},"rotation":{"x":0.05899178981781006,"y":0.9385656714439392,"z":-0.20240771770477296,"w":0.27342745661735537},"size":1.2845426797866822,"orthographic":false}