{"cameraMode":{"drawMode":0,"name":"Shaded","section":"Shading Mode"},"sceneLighting":false,"audioPlay":false,"sceneViewState":{"m_AlwaysRefresh":false,"showFog":true,"showSkybox":false,"showFlares":true,"showImageEffects":true,"showParticleSystems":true,"showVisualEffectGraphs":true,"m_FxEnabled":true},"in2DMode":false,"pivot":{"x":-0.10763373970985413,"y":0.35019832849502566,"z":1.3434560298919678},"rotation":{"x":0.07563631236553192,"y":0.9211132526397705,"z":-0.2262945920228958,"w":0.30778494477272036},"size":0.8660253882408142,"orthographic":false}